{
  "type": "Topology",
  "transform": {
    "scale": [
      0.0017669242128812669,
      0.0012460594586271038
    ],
    "translate": [
      -88.06770600930838,
      37.767301981986805
    ]
  },
  "arcs": [
    [
      [
        1398,
        1620
      ],
      [
        167,
        1
      ]
    ],
    [
      [
        1565,
        1621
      ],
      [
        2,
        -210
      ]
    ],
    [
      [
        1567,
        1411
      ],
      [
        1,
        -58
      ]
    ],
    [
      [
        1568,
        1353
      ],
      [
        -188,
        -1
      ]
    ],
    [
      [
        1380,
        1352
      ],
      [
        -2,
        198
      ]
    ],
    [
      [
        1378,
        1550
      ],
      [
        -1,
        70
      ],
      [
        21,
        0
      ]
    ],
    [
      [
        1717,
        1563
      ],
      [
        6,
        11
      ],
      [
        118,
        -2
      ]
    ],
    [
      [
        1841,
        1572
      ],
      [
        0,
        0
      ],
      [
        -1,
        -127
      ],
      [
        0,
        -37
      ]
    ],
    [
      [
        1840,
        1408
      ],
      [
        -108,
        2
      ],
      [
        -16,
        1
      ]
    ],
    [
      [
        1716,
        1411
      ],
      [
        1,
        152
      ]
    ],
    [
      [
        1487,
        1146
      ],
      [
        81,
        58
      ]
    ],
    [
      [
        1568,
        1204
      ],
      [
        45,
        33
      ],
      [
        86,
        -1
      ]
    ],
    [
      [
        1699,
        1236
      ],
      [
        -38,
        -289
      ]
    ],
    [
      [
        1661,
        947
      ],
      [
        -2,
        -15
      ]
    ],
    [
      [
        1659,
        932
      ],
      [
        -38,
        -12
      ]
    ],
    [
      [
        1621,
        920
      ],
      [
        -137,
        -1
      ]
    ],
    [
      [
        1484,
        919
      ],
      [
        3,
        227
      ]
    ],
    [
      [
        985,
        1731
      ],
      [
        49,
        2
      ]
    ],
    [
      [
        1034,
        1733
      ],
      [
        171,
        0
      ]
    ],
    [
      [
        1205,
        1733
      ],
      [
        0,
        -46
      ],
      [
        -9,
        -11
      ],
      [
        1,
        -127
      ]
    ],
    [
      [
        1197,
        1549
      ],
      [
        0,
        -47
      ]
    ],
    [
      [
        1197,
        1502
      ],
      [
        -169,
        -4
      ]
    ],
    [
      [
        1028,
        1498
      ],
      [
        -43,
        -1
      ]
    ],
    [
      [
        985,
        1497
      ],
      [
        0,
        152
      ],
      [
        1,
        35
      ],
      [
        -1,
        47
      ]
    ],
    [
      [
        777,
        1935
      ],
      [
        167,
        -1
      ],
      [
        24,
        1
      ],
      [
        65,
        2
      ]
    ],
    [
      [
        1033,
        1937
      ],
      [
        1,
        -204
      ]
    ],
    [
      [
        985,
        1731
      ],
      [
        -16,
        0
      ],
      [
        -192,
        -1
      ]
    ],
    [
      [
        777,
        1730
      ],
      [
        0,
        205
      ]
    ],
    [
      [
        1661,
        947
      ],
      [
        9,
        -9
      ],
      [
        135,
        76
      ]
    ],
    [
      [
        1805,
        1014
      ],
      [
        16,
        -24
      ],
      [
        10,
        -32
      ],
      [
        -26,
        -33
      ],
      [
        8,
        -5
      ]
    ],
    [
      [
        1813,
        920
      ],
      [
        -4,
        -11
      ],
      [
        -152,
        2
      ],
      [
        2,
        21
      ]
    ],
    [
      [
        468,
        1197
      ],
      [
        1,
        210
      ],
      [
        23,
        69
      ]
    ],
    [
      [
        492,
        1476
      ],
      [
        105,
        -1
      ]
    ],
    [
      [
        597,
        1475
      ],
      [
        -1,
        -106
      ],
      [
        43,
        0
      ]
    ],
    [
      [
        639,
        1369
      ],
      [
        -2,
        -105
      ],
      [
        -63,
        0
      ],
      [
        0,
        -140
      ]
    ],
    [
      [
        574,
        1124
      ],
      [
        -106,
        3
      ]
    ],
    [
      [
        468,
        1127
      ],
      [
        0,
        70
      ]
    ],
    [
      [
        303,
        1698
      ],
      [
        0,
        103
      ],
      [
        1,
        110
      ]
    ],
    [
      [
        304,
        1911
      ],
      [
        23,
        -17
      ],
      [
        47,
        0
      ]
    ],
    [
      [
        374,
        1894
      ],
      [
        -19,
        -133
      ],
      [
        12,
        -7
      ]
    ],
    [
      [
        367,
        1754
      ],
      [
        37,
        -73
      ],
      [
        -23,
        -168
      ],
      [
        7,
        -36
      ]
    ],
    [
      [
        388,
        1477
      ],
      [
        -85,
        0
      ]
    ],
    [
      [
        303,
        1477
      ],
      [
        0,
        46
      ],
      [
        0,
        175
      ]
    ],
    [
      [
        643,
        3169
      ],
      [
        13,
        9
      ],
      [
        48,
        26
      ],
      [
        104,
        0
      ],
      [
        0,
        0
      ],
      [
        66,
        0
      ]
    ],
    [
      [
        874,
        3204
      ],
      [
        -1,
        -88
      ],
      [
        22,
        -64
      ],
      [
        -21,
        -110
      ]
    ],
    [
      [
        874,
        2942
      ],
      [
        -67,
        -1
      ],
      [
        -55,
        -89
      ],
      [
        -42,
        -38
      ],
      [
        -32,
        -8
      ],
      [
        -34,
        -22
      ]
    ],
    [
      [
        644,
        2784
      ],
      [
        -1,
        385
      ]
    ],
    [
      [
        777,
        1964
      ],
      [
        0,
        175
      ]
    ],
    [
      [
        777,
        2139
      ],
      [
        180,
        0
      ]
    ],
    [
      [
        957,
        2139
      ],
      [
        38,
        0
      ],
      [
        37,
        -47
      ]
    ],
    [
      [
        1032,
        2092
      ],
      [
        0,
        -127
      ]
    ],
    [
      [
        1032,
        1965
      ],
      [
        1,
        -28
      ]
    ],
    [
      [
        777,
        1935
      ],
      [
        0,
        29
      ]
    ],
    [
      [
        306,
        2727
      ],
      [
        76,
        -2
      ],
      [
        66,
        44
      ]
    ],
    [
      [
        448,
        2769
      ],
      [
        5,
        -386
      ]
    ],
    [
      [
        453,
        2383
      ],
      [
        -146,
        1
      ]
    ],
    [
      [
        307,
        2384
      ],
      [
        0,
        126
      ],
      [
        -1,
        92
      ],
      [
        0,
        12
      ],
      [
        0,
        113
      ]
    ],
    [
      [
        784,
        912
      ],
      [
        1,
        71
      ]
    ],
    [
      [
        785,
        983
      ],
      [
        205,
        -1
      ]
    ],
    [
      [
        990,
        982
      ],
      [
        21,
        0
      ],
      [
        3,
        -182
      ]
    ],
    [
      [
        1014,
        800
      ],
      [
        -20,
        -24
      ],
      [
        1,
        -37
      ]
    ],
    [
      [
        995,
        739
      ],
      [
        -211,
        -1
      ]
    ],
    [
      [
        784,
        738
      ],
      [
        0,
        174
      ]
    ],
    [
      [
        1482,
        2317
      ],
      [
        65,
        0
      ],
      [
        -1,
        210
      ]
    ],
    [
      [
        1546,
        2527
      ],
      [
        148,
        1
      ]
    ],
    [
      [
        1694,
        2528
      ],
      [
        3,
        -280
      ]
    ],
    [
      [
        1697,
        2248
      ],
      [
        -75,
        -1
      ]
    ],
    [
      [
        1622,
        2247
      ],
      [
        -107,
        0
      ],
      [
        -32,
        0
      ]
    ],
    [
      [
        1483,
        2247
      ],
      [
        -1,
        70
      ]
    ],
    [
      [
        958,
        2243
      ],
      [
        118,
        1
      ]
    ],
    [
      [
        1076,
        2244
      ],
      [
        86,
        1
      ],
      [
        85,
        1
      ]
    ],
    [
      [
        1247,
        2246
      ],
      [
        1,
        -127
      ]
    ],
    [
      [
        1248,
        2119
      ],
      [
        -112,
        -2
      ],
      [
        -104,
        -2
      ],
      [
        0,
        -23
      ]
    ],
    [
      [
        957,
        2139
      ],
      [
        1,
        104
      ]
    ],
    [
      [
        659,
        912
      ],
      [
        125,
        0
      ]
    ],
    [
      [
        784,
        738
      ],
      [
        0,
        -128
      ]
    ],
    [
      [
        784,
        610
      ],
      [
        -87,
        0
      ],
      [
        -29,
        -26
      ],
      [
        -20,
        9
      ]
    ],
    [
      [
        648,
        593
      ],
      [
        0,
        249
      ],
      [
        11,
        70
      ]
    ],
    [
      [
        644,
        2732
      ],
      [
        262,
        0
      ]
    ],
    [
      [
        906,
        2732
      ],
      [
        0,
        -210
      ]
    ],
    [
      [
        906,
        2522
      ],
      [
        -64,
        0
      ]
    ],
    [
      [
        842,
        2522
      ],
      [
        -198,
        2
      ]
    ],
    [
      [
        644,
        2524
      ],
      [
        0,
        208
      ]
    ],
    [
      [
        367,
        1754
      ],
      [
        186,
        0
      ]
    ],
    [
      [
        553,
        1754
      ],
      [
        0,
        -69
      ],
      [
        46,
        0
      ]
    ],
    [
      [
        599,
        1685
      ],
      [
        -2,
        -210
      ]
    ],
    [
      [
        492,
        1476
      ],
      [
        -104,
        1
      ]
    ],
    [
      [
        1372,
        2596
      ],
      [
        174,
        2
      ]
    ],
    [
      [
        1546,
        2598
      ],
      [
        0,
        -71
      ]
    ],
    [
      [
        1482,
        2317
      ],
      [
        -107,
        -1
      ]
    ],
    [
      [
        1375,
        2316
      ],
      [
        -3,
        280
      ]
    ],
    [
      [
        1248,
        2119
      ],
      [
        0,
        -23
      ]
    ],
    [
      [
        1248,
        2096
      ],
      [
        0,
        -128
      ]
    ],
    [
      [
        1248,
        1968
      ],
      [
        -216,
        -3
      ]
    ],
    [
      [
        1626,
        3017
      ],
      [
        221,
        3
      ]
    ],
    [
      [
        1847,
        3020
      ],
      [
        0,
        -84
      ],
      [
        0,
        -14
      ],
      [
        0,
        -110
      ]
    ],
    [
      [
        1847,
        2812
      ],
      [
        -220,
        -6
      ]
    ],
    [
      [
        1627,
        2806
      ],
      [
        -1,
        211
      ]
    ],
    [
      [
        1246,
        2315
      ],
      [
        129,
        1
      ]
    ],
    [
      [
        1483,
        2247
      ],
      [
        2,
        -151
      ]
    ],
    [
      [
        1485,
        2096
      ],
      [
        -77,
        1
      ]
    ],
    [
      [
        1408,
        2097
      ],
      [
        -160,
        -1
      ]
    ],
    [
      [
        1247,
        2246
      ],
      [
        -1,
        69
      ]
    ],
    [
      [
        306,
        2175
      ],
      [
        246,
        -1
      ]
    ],
    [
      [
        552,
        2174
      ],
      [
        0,
        -88
      ]
    ],
    [
      [
        552,
        2086
      ],
      [
        -86,
        -46
      ],
      [
        -110,
        -115
      ],
      [
        18,
        -31
      ]
    ],
    [
      [
        304,
        1911
      ],
      [
        0,
        82
      ],
      [
        2,
        182
      ]
    ],
    [
      [
        1408,
        2097
      ],
      [
        2,
        -243
      ]
    ],
    [
      [
        1410,
        1854
      ],
      [
        0,
        -106
      ]
    ],
    [
      [
        1410,
        1748
      ],
      [
        -162,
        -1
      ]
    ],
    [
      [
        1248,
        1747
      ],
      [
        0,
        221
      ]
    ],
    [
      [
        1126,
        2733
      ],
      [
        13,
        3
      ],
      [
        -3,
        208
      ]
    ],
    [
      [
        1136,
        2944
      ],
      [
        230,
        1
      ]
    ],
    [
      [
        1366,
        2945
      ],
      [
        0,
        -69
      ],
      [
        1,
        -45
      ]
    ],
    [
      [
        1367,
        2831
      ],
      [
        0,
        -94
      ],
      [
        -20,
        0
      ],
      [
        2,
        -106
      ]
    ],
    [
      [
        1349,
        2631
      ],
      [
        -64,
        -2
      ],
      [
        -84,
        -1
      ]
    ],
    [
      [
        1201,
        2628
      ],
      [
        -74,
        34
      ],
      [
        -1,
        71
      ]
    ],
    [
      [
        551,
        2244
      ],
      [
        183,
        -1
      ]
    ],
    [
      [
        734,
        2243
      ],
      [
        43,
        0
      ],
      [
        0,
        -104
      ]
    ],
    [
      [
        777,
        1964
      ],
      [
        -225,
        0
      ]
    ],
    [
      [
        552,
        1964
      ],
      [
        0,
        122
      ]
    ],
    [
      [
        552,
        2174
      ],
      [
        -1,
        70
      ]
    ],
    [
      [
        306,
        2186
      ],
      [
        1,
        36
      ],
      [
        0,
        162
      ]
    ],
    [
      [
        453,
        2383
      ],
      [
        96,
        0
      ]
    ],
    [
      [
        549,
        2383
      ],
      [
        1,
        -17
      ],
      [
        1,
        -122
      ]
    ],
    [
      [
        306,
        2175
      ],
      [
        0,
        11
      ]
    ],
    [
      [
        1565,
        1621
      ],
      [
        46,
        1
      ]
    ],
    [
      [
        1611,
        1622
      ],
      [
        20,
        -59
      ],
      [
        86,
        0
      ]
    ],
    [
      [
        1716,
        1411
      ],
      [
        -149,
        0
      ]
    ],
    [
      [
        1248,
        1747
      ],
      [
        -43,
        -14
      ]
    ],
    [
      [
        237,
        642
      ],
      [
        6,
        17
      ],
      [
        10,
        41
      ],
      [
        43,
        31
      ],
      [
        26,
        64
      ],
      [
        -13,
        55
      ],
      [
        -7,
        20
      ],
      [
        -7,
        19
      ],
      [
        10,
        24
      ]
    ],
    [
      [
        305,
        913
      ],
      [
        153,
        -3
      ],
      [
        10,
        5
      ]
    ],
    [
      [
        468,
        915
      ],
      [
        63,
        -1
      ],
      [
        18,
        -2
      ]
    ],
    [
      [
        549,
        912
      ],
      [
        -65,
        -77
      ],
      [
        -16,
        7
      ],
      [
        2,
        -58
      ],
      [
        -23,
        -42
      ],
      [
        21,
        -48
      ],
      [
        0,
        -70
      ]
    ],
    [
      [
        468,
        624
      ],
      [
        -27,
        -26
      ],
      [
        -36,
        24
      ],
      [
        -63,
        -7
      ]
    ],
    [
      [
        342,
        615
      ],
      [
        -18,
        -30
      ],
      [
        -59,
        -36
      ],
      [
        -86,
        -26
      ]
    ],
    [
      [
        179,
        523
      ],
      [
        6,
        14
      ],
      [
        15,
        35
      ],
      [
        34,
        26
      ],
      [
        -4,
        23
      ],
      [
        7,
        21
      ]
    ],
    [
      [
        56,
        377
      ],
      [
        34,
        26
      ],
      [
        43,
        31
      ],
      [
        30,
        51
      ],
      [
        16,
        38
      ]
    ],
    [
      [
        342,
        615
      ],
      [
        1,
        -54
      ],
      [
        31,
        -73
      ],
      [
        52,
        5
      ],
      [
        -1,
        -109
      ]
    ],
    [
      [
        425,
        384
      ],
      [
        0,
        -35
      ],
      [
        -85,
        0
      ],
      [
        0,
        -29
      ]
    ],
    [
      [
        340,
        320
      ],
      [
        -125,
        2
      ]
    ],
    [
      [
        215,
        322
      ],
      [
        -63,
        27
      ],
      [
        0,
        21
      ],
      [
        -97,
        2
      ]
    ],
    [
      [
        55,
        372
      ],
      [
        1,
        5
      ]
    ],
    [
      [
        1840,
        1408
      ],
      [
        -1,
        -105
      ],
      [
        0,
        -69
      ]
    ],
    [
      [
        1839,
        1234
      ],
      [
        -140,
        2
      ]
    ],
    [
      [
        1568,
        1204
      ],
      [
        0,
        149
      ]
    ],
    [
      [
        985,
        1497
      ],
      [
        -5,
        -1
      ],
      [
        -73,
        -1
      ],
      [
        0,
        -24
      ],
      [
        -108,
        1
      ]
    ],
    [
      [
        799,
        1472
      ],
      [
        8,
        13
      ],
      [
        -25,
        10
      ],
      [
        -5,
        188
      ]
    ],
    [
      [
        777,
        1683
      ],
      [
        0,
        47
      ]
    ],
    [
      [
        304,
        1372
      ],
      [
        -1,
        105
      ]
    ],
    [
      [
        468,
        1197
      ],
      [
        -200,
        0
      ]
    ],
    [
      [
        268,
        1197
      ],
      [
        -3,
        43
      ],
      [
        12,
        22
      ],
      [
        27,
        6
      ],
      [
        0,
        98
      ],
      [
        0,
        6
      ]
    ],
    [
      [
        1612,
        2096
      ],
      [
        7,
        6
      ],
      [
        0,
        75
      ],
      [
        4,
        13
      ],
      [
        -1,
        57
      ]
    ],
    [
      [
        1697,
        2248
      ],
      [
        151,
        3
      ]
    ],
    [
      [
        1848,
        2251
      ],
      [
        0,
        -56
      ],
      [
        0,
        -29
      ],
      [
        -1,
        -91
      ],
      [
        0,
        0
      ],
      [
        0,
        -34
      ]
    ],
    [
      [
        1847,
        2041
      ],
      [
        -235,
        -3
      ]
    ],
    [
      [
        1612,
        2038
      ],
      [
        0,
        58
      ]
    ],
    [
      [
        1347,
        1094
      ],
      [
        68,
        2
      ],
      [
        72,
        50
      ]
    ],
    [
      [
        1484,
        919
      ],
      [
        -53,
        -1
      ],
      [
        1,
        -23
      ],
      [
        -52,
        -53
      ],
      [
        -31,
        -1
      ]
    ],
    [
      [
        1349,
        841
      ],
      [
        -28,
        13
      ],
      [
        -35,
        -20
      ]
    ],
    [
      [
        1286,
        834
      ],
      [
        -2,
        210
      ]
    ],
    [
      [
        1284,
        1044
      ],
      [
        -1,
        48
      ],
      [
        64,
        2
      ]
    ],
    [
      [
        1233,
        777
      ],
      [
        11,
        -7
      ],
      [
        37,
        42
      ],
      [
        5,
        22
      ]
    ],
    [
      [
        1349,
        841
      ],
      [
        0,
        -63
      ],
      [
        64,
        -46
      ],
      [
        0,
        -58
      ]
    ],
    [
      [
        1413,
        674
      ],
      [
        -84,
        -1
      ],
      [
        -42,
        0
      ],
      [
        -31,
        -35
      ]
    ],
    [
      [
        1256,
        638
      ],
      [
        -7,
        11
      ],
      [
        -14,
        0
      ],
      [
        -2,
        128
      ]
    ],
    [
      [
        1136,
        2979
      ],
      [
        0,
        -35
      ]
    ],
    [
      [
        1126,
        2733
      ],
      [
        -220,
        -1
      ]
    ],
    [
      [
        906,
        2732
      ],
      [
        1,
        210
      ]
    ],
    [
      [
        907,
        2942
      ],
      [
        -1,
        35
      ],
      [
        230,
        2
      ]
    ],
    [
      [
        1365,
        3014
      ],
      [
        261,
        3
      ]
    ],
    [
      [
        1627,
        2806
      ],
      [
        -65,
        0
      ]
    ],
    [
      [
        1562,
        2806
      ],
      [
        -130,
        2
      ],
      [
        -65,
        23
      ]
    ],
    [
      [
        1366,
        2945
      ],
      [
        -1,
        69
      ]
    ],
    [
      [
        425,
        384
      ],
      [
        11,
        -11
      ],
      [
        127,
        1
      ]
    ],
    [
      [
        563,
        374
      ],
      [
        32,
        -24
      ]
    ],
    [
      [
        595,
        350
      ],
      [
        0,
        -68
      ],
      [
        -31,
        0
      ],
      [
        -11,
        -56
      ],
      [
        -35,
        4
      ],
      [
        -65,
        -104
      ],
      [
        -2,
        -39
      ]
    ],
    [
      [
        451,
        87
      ],
      [
        -19,
        14
      ],
      [
        -15,
        12
      ],
      [
        -49,
        30
      ],
      [
        -17,
        -9
      ]
    ],
    [
      [
        351,
        134
      ],
      [
        -14,
        81
      ],
      [
        3,
        105
      ]
    ],
    [
      [
        1410,
        1748
      ],
      [
        -12,
        -58
      ],
      [
        0,
        -70
      ]
    ],
    [
      [
        1378,
        1550
      ],
      [
        -181,
        -1
      ]
    ],
    [
      [
        1134,
        3204
      ],
      [
        154,
        -1
      ],
      [
        0,
        0
      ],
      [
        75,
        1
      ]
    ],
    [
      [
        1363,
        3204
      ],
      [
        2,
        -190
      ]
    ],
    [
      [
        1136,
        2979
      ],
      [
        -2,
        225
      ]
    ],
    [
      [
        1410,
        1854
      ],
      [
        205,
        0
      ]
    ],
    [
      [
        1615,
        1854
      ],
      [
        0,
        -50
      ],
      [
        7,
        -8
      ]
    ],
    [
      [
        1622,
        1796
      ],
      [
        0,
        -105
      ],
      [
        -11,
        -69
      ]
    ],
    [
      [
        906,
        2522
      ],
      [
        168,
        0
      ]
    ],
    [
      [
        1074,
        2522
      ],
      [
        2,
        -278
      ]
    ],
    [
      [
        958,
        2243
      ],
      [
        0,
        105
      ],
      [
        -85,
        0
      ],
      [
        -32,
        35
      ]
    ],
    [
      [
        841,
        2383
      ],
      [
        1,
        139
      ]
    ],
    [
      [
        351,
        134
      ],
      [
        -22,
        -11
      ],
      [
        -37,
        4
      ],
      [
        -32,
        -21
      ],
      [
        -10,
        -38
      ],
      [
        -31,
        3
      ],
      [
        -18,
        22
      ]
    ],
    [
      [
        201,
        93
      ],
      [
        7,
        13
      ],
      [
        7,
        216
      ]
    ],
    [
      [
        599,
        1685
      ],
      [
        178,
        -2
      ]
    ],
    [
      [
        799,
        1472
      ],
      [
        5,
        -29
      ],
      [
        -21,
        -77
      ]
    ],
    [
      [
        783,
        1366
      ],
      [
        -144,
        3
      ]
    ],
    [
      [
        1201,
        2628
      ],
      [
        -1,
        -35
      ]
    ],
    [
      [
        1200,
        2593
      ],
      [
        -126,
        -2
      ],
      [
        0,
        -69
      ]
    ],
    [
      [
        307,
        2972
      ],
      [
        0,
        47
      ],
      [
        1,
        144
      ],
      [
        30,
        -29
      ],
      [
        31,
        13
      ],
      [
        29,
        -48
      ],
      [
        59,
        -7
      ],
      [
        21,
        7
      ]
    ],
    [
      [
        478,
        3099
      ],
      [
        3,
        -311
      ]
    ],
    [
      [
        481,
        2788
      ],
      [
        -33,
        -19
      ]
    ],
    [
      [
        306,
        2727
      ],
      [
        0,
        106
      ],
      [
        0,
        0
      ],
      [
        1,
        139
      ]
    ],
    [
      [
        1197,
        1502
      ],
      [
        0,
        -234
      ]
    ],
    [
      [
        1197,
        1268
      ],
      [
        -76,
        -3
      ]
    ],
    [
      [
        1121,
        1265
      ],
      [
        -94,
        -2
      ]
    ],
    [
      [
        1027,
        1263
      ],
      [
        1,
        235
      ]
    ],
    [
      [
        1622,
        1796
      ],
      [
        222,
        0
      ]
    ],
    [
      [
        1844,
        1796
      ],
      [
        -1,
        -71
      ],
      [
        -2,
        -153
      ]
    ],
    [
      [
        574,
        1124
      ],
      [
        210,
        -2
      ]
    ],
    [
      [
        784,
        1122
      ],
      [
        1,
        -139
      ]
    ],
    [
      [
        659,
        912
      ],
      [
        -74,
        -1
      ],
      [
        -36,
        1
      ]
    ],
    [
      [
        468,
        915
      ],
      [
        0,
        212
      ]
    ],
    [
      [
        648,
        593
      ],
      [
        -14,
        -12
      ],
      [
        -70,
        19
      ]
    ],
    [
      [
        564,
        600
      ],
      [
        -20,
        19
      ],
      [
        -76,
        5
      ]
    ],
    [
      [
        552,
        1964
      ],
      [
        1,
        -210
      ]
    ],
    [
      [
        954,
        1262
      ],
      [
        73,
        1
      ]
    ],
    [
      [
        1121,
        1265
      ],
      [
        4,
        -212
      ],
      [
        -1,
        -24
      ]
    ],
    [
      [
        1124,
        1029
      ],
      [
        -134,
        -1
      ]
    ],
    [
      [
        990,
        1028
      ],
      [
        -30,
        0
      ],
      [
        -6,
        234
      ]
    ],
    [
      [
        874,
        2942
      ],
      [
        33,
        0
      ]
    ],
    [
      [
        644,
        2732
      ],
      [
        0,
        52
      ]
    ],
    [
      [
        1363,
        3204
      ],
      [
        208,
        0
      ],
      [
        33,
        0
      ],
      [
        21,
        0
      ]
    ],
    [
      [
        1625,
        3204
      ],
      [
        1,
        -187
      ]
    ],
    [
      [
        1847,
        2812
      ],
      [
        0,
        -15
      ],
      [
        1,
        -106
      ],
      [
        0,
        -106
      ],
      [
        0,
        -53
      ]
    ],
    [
      [
        1848,
        2532
      ],
      [
        -154,
        -4
      ]
    ],
    [
      [
        1546,
        2598
      ],
      [
        -2,
        140
      ],
      [
        18,
        68
      ]
    ],
    [
      [
        1813,
        920
      ],
      [
        19,
        -14
      ],
      [
        25,
        -12
      ],
      [
        -7,
        -18
      ],
      [
        -2,
        -7
      ],
      [
        -6,
        -52
      ],
      [
        -25,
        3
      ],
      [
        -60,
        -9
      ],
      [
        -33,
        -15
      ],
      [
        -29,
        -14
      ],
      [
        -42,
        -37
      ],
      [
        -23,
        -6
      ],
      [
        -8,
        8
      ]
    ],
    [
      [
        1622,
        747
      ],
      [
        -1,
        173
      ]
    ],
    [
      [
        1200,
        2593
      ],
      [
        4,
        -278
      ],
      [
        42,
        0
      ]
    ],
    [
      [
        783,
        1366
      ],
      [
        30,
        -23
      ],
      [
        1,
        -75
      ]
    ],
    [
      [
        814,
        1268
      ],
      [
        -31,
        -9
      ],
      [
        1,
        -137
      ]
    ],
    [
      [
        1848,
        2532
      ],
      [
        0,
        -155
      ],
      [
        0,
        0
      ],
      [
        0,
        -126
      ]
    ],
    [
      [
        1349,
        1270
      ],
      [
        30,
        0
      ],
      [
        1,
        82
      ]
    ],
    [
      [
        1347,
        1094
      ],
      [
        2,
        176
      ]
    ],
    [
      [
        481,
        2788
      ],
      [
        49,
        36
      ],
      [
        93,
        -54
      ],
      [
        21,
        14
      ]
    ],
    [
      [
        644,
        2524
      ],
      [
        -32,
        -1
      ],
      [
        0,
        -59
      ],
      [
        -64,
        0
      ],
      [
        1,
        -81
      ]
    ],
    [
      [
        785,
        504
      ],
      [
        38,
        0
      ],
      [
        172,
        -1
      ],
      [
        0,
        23
      ]
    ],
    [
      [
        995,
        526
      ],
      [
        30,
        0
      ]
    ],
    [
      [
        1025,
        526
      ],
      [
        2,
        -105
      ],
      [
        -39,
        -116
      ]
    ],
    [
      [
        988,
        305
      ],
      [
        -20,
        -10
      ],
      [
        -17,
        -8
      ],
      [
        -26,
        -30
      ]
    ],
    [
      [
        925,
        257
      ],
      [
        -15,
        27
      ],
      [
        0,
        65
      ],
      [
        0,
        4
      ],
      [
        -63,
        1
      ],
      [
        1,
        47
      ],
      [
        -62,
        -3
      ]
    ],
    [
      [
        786,
        398
      ],
      [
        -1,
        106
      ]
    ],
    [
      [
        478,
        3099
      ],
      [
        55,
        17
      ],
      [
        56,
        20
      ],
      [
        54,
        33
      ]
    ],
    [
      [
        1025,
        526
      ],
      [
        126,
        -4
      ]
    ],
    [
      [
        1151,
        522
      ],
      [
        0,
        -70
      ],
      [
        44,
        -56
      ],
      [
        -1,
        -60
      ],
      [
        35,
        -5
      ]
    ],
    [
      [
        1229,
        331
      ],
      [
        -5,
        -55
      ],
      [
        -10,
        -66
      ],
      [
        -17,
        -11
      ],
      [
        -14,
        -9
      ],
      [
        -12,
        -10
      ],
      [
        -20,
        -17
      ],
      [
        -35,
        31
      ],
      [
        -63,
        10
      ],
      [
        -41,
        62
      ],
      [
        -24,
        39
      ]
    ],
    [
      [
        1197,
        1268
      ],
      [
        152,
        2
      ]
    ],
    [
      [
        1284,
        1044
      ],
      [
        -35,
        -22
      ],
      [
        -118,
        -4
      ],
      [
        -7,
        11
      ]
    ],
    [
      [
        995,
        739
      ],
      [
        0,
        -213
      ]
    ],
    [
      [
        785,
        504
      ],
      [
        -1,
        106
      ]
    ],
    [
      [
        1233,
        777
      ],
      [
        -12,
        18
      ],
      [
        -103,
        20
      ],
      [
        -104,
        -15
      ]
    ],
    [
      [
        990,
        982
      ],
      [
        0,
        46
      ]
    ],
    [
      [
        1413,
        674
      ],
      [
        42,
        0
      ],
      [
        37,
        -16
      ]
    ],
    [
      [
        1492,
        658
      ],
      [
        9,
        -32
      ],
      [
        -10,
        -18
      ],
      [
        0,
        0
      ],
      [
        -23,
        -16
      ],
      [
        -14,
        -29
      ],
      [
        -51,
        -14
      ],
      [
        -19,
        -27
      ],
      [
        -7,
        -31
      ],
      [
        -7,
        -29
      ],
      [
        -21,
        -38
      ],
      [
        -38,
        -22
      ],
      [
        -25,
        8
      ]
    ],
    [
      [
        1286,
        410
      ],
      [
        19,
        58
      ],
      [
        -26,
        44
      ],
      [
        -106,
        11
      ]
    ],
    [
      [
        1173,
        523
      ],
      [
        1,
        56
      ],
      [
        61,
        12
      ],
      [
        21,
        47
      ]
    ],
    [
      [
        1349,
        2631
      ],
      [
        0,
        -36
      ],
      [
        23,
        1
      ]
    ],
    [
      [
        814,
        1268
      ],
      [
        10,
        -6
      ],
      [
        130,
        0
      ]
    ],
    [
      [
        841,
        2383
      ],
      [
        -95,
        0
      ],
      [
        -12,
        -140
      ]
    ],
    [
      [
        305,
        913
      ],
      [
        1,
        2
      ],
      [
        -1,
        51
      ],
      [
        -28,
        24
      ],
      [
        3,
        45
      ],
      [
        -30,
        36
      ],
      [
        -7,
        44
      ],
      [
        -1,
        8
      ],
      [
        36,
        35
      ],
      [
        -9,
        30
      ],
      [
        -1,
        9
      ]
    ],
    [
      [
        1847,
        2041
      ],
      [
        -3,
        -163
      ],
      [
        0,
        -82
      ]
    ],
    [
      [
        1615,
        1854
      ],
      [
        -3,
        184
      ]
    ],
    [
      [
        595,
        350
      ],
      [
        128,
        2
      ]
    ],
    [
      [
        723,
        352
      ],
      [
        10,
        -167
      ],
      [
        -14,
        14
      ],
      [
        -9,
        -15
      ]
    ],
    [
      [
        710,
        184
      ],
      [
        -35,
        -21
      ],
      [
        -29,
        -28
      ],
      [
        -29,
        -8
      ],
      [
        -18,
        -5
      ],
      [
        -19,
        -35
      ],
      [
        -8,
        -39
      ],
      [
        -27,
        -48
      ],
      [
        -18,
        32
      ],
      [
        -24,
        27
      ],
      [
        -43,
        21
      ],
      [
        -9,
        7
      ]
    ],
    [
      [
        1612,
        2096
      ],
      [
        -127,
        0
      ]
    ],
    [
      [
        786,
        398
      ],
      [
        -64,
        -11
      ],
      [
        1,
        -35
      ]
    ],
    [
      [
        563,
        374
      ],
      [
        1,
        226
      ]
    ],
    [
      [
        5,
        80
      ],
      [
        10,
        20
      ],
      [
        14,
        56
      ],
      [
        -8,
        56
      ],
      [
        24,
        20
      ],
      [
        15,
        35
      ],
      [
        19,
        42
      ],
      [
        -27,
        37
      ],
      [
        3,
        26
      ]
    ],
    [
      [
        201,
        93
      ],
      [
        -6,
        7
      ],
      [
        -48,
        -13
      ],
      [
        -36,
        36
      ],
      [
        -28,
        -10
      ],
      [
        -2,
        -7
      ],
      [
        -8,
        -23
      ],
      [
        20,
        -42
      ],
      [
        -18,
        -23
      ],
      [
        -20,
        -6
      ],
      [
        -33,
        14
      ],
      [
        -22,
        45
      ],
      [
        5,
        9
      ]
    ],
    [
      [
        1625,
        3204
      ],
      [
        210,
        0
      ],
      [
        11,
        0
      ],
      [
        0,
        -51
      ],
      [
        1,
        -133
      ]
    ],
    [
      [
        1622,
        747
      ],
      [
        -21,
        20
      ],
      [
        -21,
        15
      ],
      [
        -32,
        -5
      ],
      [
        -5,
        -1
      ],
      [
        -34,
        2
      ],
      [
        -27,
        -18
      ],
      [
        6,
        -44
      ],
      [
        1,
        -49
      ],
      [
        3,
        -9
      ]
    ],
    [
      [
        1151,
        522
      ],
      [
        22,
        1
      ]
    ],
    [
      [
        1286,
        410
      ],
      [
        -12,
        4
      ],
      [
        -13,
        -35
      ],
      [
        -32,
        -41
      ],
      [
        0,
        -7
      ]
    ],
    [
      [
        1839,
        1234
      ],
      [
        -1,
        -63
      ],
      [
        0,
        -97
      ],
      [
        -23,
        -22
      ],
      [
        -21,
        -21
      ],
      [
        11,
        -17
      ]
    ],
    [
      [
        925,
        257
      ],
      [
        0,
        0
      ],
      [
        -21,
        -33
      ],
      [
        -10,
        -2
      ],
      [
        -19,
        -4
      ],
      [
        -2,
        -57
      ],
      [
        9,
        -52
      ],
      [
        -51,
        3
      ],
      [
        -9,
        -43
      ],
      [
        -17,
        9
      ],
      [
        -7,
        4
      ],
      [
        -36,
        19
      ],
      [
        -33,
        51
      ],
      [
        -17,
        33
      ],
      [
        -2,
        -1
      ]
    ],
    [
      [
        874,
        3204
      ],
      [
        13,
        0
      ],
      [
        155,
        0
      ],
      [
        0,
        0
      ],
      [
        92,
        0
      ]
    ]
  ],
  "objects": {
    "cb_2015_indiana_county_20m": {
      "type": "GeometryCollection",
      "geometries": [
        {
          "arcs": [
            [
              0,
              1,
              2,
              3,
              4,
              5
            ]
          ],
          "type": "Polygon",
          "properties": {
            "STATEFP": "18",
            "COUNTYFP": "139",
            "COUNTYNS": "00446854",
            "AFFGEOID": "0500000US18139",
            "GEOID": "18139",
            "NAME": "Rush",
            "LSAD": "06",
            "ALAND": 1057035490,
            "AWATER": 872270
          }
        },
        {
          "arcs": [
            [
              6,
              7,
              8,
              9
            ]
          ],
          "type": "Polygon",
          "properties": {
            "STATEFP": "18",
            "COUNTYFP": "161",
            "COUNTYNS": "00450395",
            "AFFGEOID": "0500000US18161",
            "GEOID": "18161",
            "NAME": "Union",
            "LSAD": "06",
            "ALAND": 417568568,
            "AWATER": 10238515
          }
        },
        {
          "arcs": [
            [
              10,
              11,
              12,
              13,
              14,
              15,
              16
            ]
          ],
          "type": "Polygon",
          "properties": {
            "STATEFP": "18",
            "COUNTYFP": "137",
            "COUNTYNS": "00450385",
            "AFFGEOID": "0500000US18137",
            "GEOID": "18137",
            "NAME": "Ripley",
            "LSAD": "06",
            "ALAND": 1156236796,
            "AWATER": 4237459
          }
        },
        {
          "arcs": [
            [
              17,
              18,
              19,
              20,
              21,
              22,
              23
            ]
          ],
          "type": "Polygon",
          "properties": {
            "STATEFP": "18",
            "COUNTYFP": "097",
            "COUNTYNS": "00450371",
            "AFFGEOID": "0500000US18097",
            "GEOID": "18097",
            "NAME": "Marion",
            "LSAD": "06",
            "ALAND": 1026600417,
            "AWATER": 17191063
          }
        },
        {
          "arcs": [
            [
              24,
              25,
              -18,
              26,
              27
            ]
          ],
          "type": "Polygon",
          "properties": {
            "STATEFP": "18",
            "COUNTYFP": "011",
            "COUNTYNS": "00450405",
            "AFFGEOID": "0500000US18011",
            "GEOID": "18011",
            "NAME": "Boone",
            "LSAD": "06",
            "ALAND": 1095336144,
            "AWATER": 877936
          }
        },
        {
          "arcs": [
            [
              -14,
              28,
              29,
              30
            ]
          ],
          "type": "Polygon",
          "properties": {
            "STATEFP": "18",
            "COUNTYFP": "115",
            "COUNTYNS": "00450378",
            "AFFGEOID": "0500000US18115",
            "GEOID": "18115",
            "NAME": "Ohio",
            "LSAD": "06",
            "ALAND": 223101879,
            "AWATER": 3352213
          }
        },
        {
          "arcs": [
            [
              31,
              32,
              33,
              34,
              35,
              36
            ]
          ],
          "type": "Polygon",
          "properties": {
            "STATEFP": "18",
            "COUNTYFP": "021",
            "COUNTYNS": "00450341",
            "AFFGEOID": "0500000US18021",
            "GEOID": "18021",
            "NAME": "Clay",
            "LSAD": "06",
            "ALAND": 926094203,
            "AWATER": 7133798
          }
        },
        {
          "arcs": [
            [
              37,
              38,
              39,
              40,
              41,
              42
            ]
          ],
          "type": "Polygon",
          "properties": {
            "STATEFP": "18",
            "COUNTYFP": "165",
            "COUNTYNS": "00450397",
            "AFFGEOID": "0500000US18165",
            "GEOID": "18165",
            "NAME": "Vermillion",
            "LSAD": "06",
            "ALAND": 665311752,
            "AWATER": 7904759
          }
        },
        {
          "arcs": [
            [
              43,
              44,
              45,
              46
            ]
          ],
          "type": "Polygon",
          "properties": {
            "STATEFP": "18",
            "COUNTYFP": "091",
            "COUNTYNS": "00450507",
            "AFFGEOID": "0500000US18091",
            "GEOID": "18091",
            "NAME": "LaPorte",
            "LSAD": "06",
            "ALAND": 1549659085,
            "AWATER": 38675577
          }
        },
        {
          "arcs": [
            [
              47,
              48,
              49,
              50,
              51,
              -25,
              52
            ]
          ],
          "type": "Polygon",
          "properties": {
            "STATEFP": "18",
            "COUNTYFP": "023",
            "COUNTYNS": "00450342",
            "AFFGEOID": "0500000US18023",
            "GEOID": "18023",
            "NAME": "Clinton",
            "LSAD": "06",
            "ALAND": 1049119208,
            "AWATER": 461117
          }
        },
        {
          "arcs": [
            [
              53,
              54,
              55,
              56
            ]
          ],
          "type": "Polygon",
          "properties": {
            "STATEFP": "18",
            "COUNTYFP": "111",
            "COUNTYNS": "00450376",
            "AFFGEOID": "0500000US18111",
            "GEOID": "18111",
            "NAME": "Newton",
            "LSAD": "06",
            "ALAND": 1040539916,
            "AWATER": 4349506
          }
        },
        {
          "arcs": [
            [
              57,
              58,
              59,
              60,
              61,
              62
            ]
          ],
          "type": "Polygon",
          "properties": {
            "STATEFP": "18",
            "COUNTYFP": "093",
            "COUNTYNS": "00451703",
            "AFFGEOID": "0500000US18093",
            "GEOID": "18093",
            "NAME": "Lawrence",
            "LSAD": "06",
            "ALAND": 1163367041,
            "AWATER": 7122898
          }
        },
        {
          "arcs": [
            [
              63,
              64,
              65,
              66,
              67,
              68
            ]
          ],
          "type": "Polygon",
          "properties": {
            "STATEFP": "18",
            "COUNTYFP": "179",
            "COUNTYNS": "00450337",
            "AFFGEOID": "0500000US18179",
            "GEOID": "18179",
            "NAME": "Wells",
            "LSAD": "06",
            "ALAND": 953341274,
            "AWATER": 5596376
          }
        },
        {
          "arcs": [
            [
              69,
              70,
              71,
              72,
              -50,
              73
            ]
          ],
          "type": "Polygon",
          "properties": {
            "STATEFP": "18",
            "COUNTYFP": "067",
            "COUNTYNS": "00450360",
            "AFFGEOID": "0500000US18067",
            "GEOID": "18067",
            "NAME": "Howard",
            "LSAD": "06",
            "ALAND": 758858971,
            "AWATER": 2394185
          }
        },
        {
          "arcs": [
            [
              74,
              -63,
              75,
              76,
              77
            ]
          ],
          "type": "Polygon",
          "properties": {
            "STATEFP": "18",
            "COUNTYFP": "101",
            "COUNTYNS": "00451679",
            "AFFGEOID": "0500000US18101",
            "GEOID": "18101",
            "NAME": "Martin",
            "LSAD": "06",
            "ALAND": 869615716,
            "AWATER": 12033249
          }
        },
        {
          "arcs": [
            [
              78,
              79,
              80,
              81,
              82
            ]
          ],
          "type": "Polygon",
          "properties": {
            "STATEFP": "18",
            "COUNTYFP": "131",
            "COUNTYNS": "00446852",
            "AFFGEOID": "0500000US18131",
            "GEOID": "18131",
            "NAME": "Pulaski",
            "LSAD": "06",
            "ALAND": 1123146088,
            "AWATER": 2291536
          }
        },
        {
          "arcs": [
            [
              83,
              84,
              85,
              -33,
              86,
              -41
            ]
          ],
          "type": "Polygon",
          "properties": {
            "STATEFP": "18",
            "COUNTYFP": "121",
            "COUNTYNS": "00450380",
            "AFFGEOID": "0500000US18121",
            "GEOID": "18121",
            "NAME": "Parke",
            "LSAD": "06",
            "ALAND": 1151747431,
            "AWATER": 13683945
          }
        },
        {
          "arcs": [
            [
              87,
              88,
              -64,
              89,
              90
            ]
          ],
          "type": "Polygon",
          "properties": {
            "STATEFP": "18",
            "COUNTYFP": "069",
            "COUNTYNS": "00450361",
            "AFFGEOID": "0500000US18069",
            "GEOID": "18069",
            "NAME": "Huntington",
            "LSAD": "06",
            "ALAND": 991056505,
            "AWATER": 13133894
          }
        },
        {
          "arcs": [
            [
              91,
              92,
              93,
              -51,
              -73
            ]
          ],
          "type": "Polygon",
          "properties": {
            "STATEFP": "18",
            "COUNTYFP": "159",
            "COUNTYNS": "00450394",
            "AFFGEOID": "0500000US18159",
            "GEOID": "18159",
            "NAME": "Tipton",
            "LSAD": "06",
            "ALAND": 674797595,
            "AWATER": 68028
          }
        },
        {
          "arcs": [
            [
              94,
              95,
              96,
              97
            ]
          ],
          "type": "Polygon",
          "properties": {
            "STATEFP": "18",
            "COUNTYFP": "033",
            "COUNTYNS": "00450346",
            "AFFGEOID": "0500000US18033",
            "GEOID": "18033",
            "NAME": "DeKalb",
            "LSAD": "06",
            "ALAND": 939732067,
            "AWATER": 2657420
          }
        },
        {
          "arcs": [
            [
              98,
              -90,
              -69,
              99,
              100,
              101,
              -92,
              -72,
              102
            ]
          ],
          "type": "Polygon",
          "properties": {
            "STATEFP": "18",
            "COUNTYFP": "053",
            "COUNTYNS": "00450355",
            "AFFGEOID": "0500000US18053",
            "GEOID": "18053",
            "NAME": "Grant",
            "LSAD": "06",
            "ALAND": 1072452767,
            "AWATER": 2133507
          }
        },
        {
          "arcs": [
            [
              103,
              104,
              105,
              -39,
              106
            ]
          ],
          "type": "Polygon",
          "properties": {
            "STATEFP": "18",
            "COUNTYFP": "171",
            "COUNTYNS": "00450400",
            "AFFGEOID": "0500000US18171",
            "GEOID": "18171",
            "NAME": "Warren",
            "LSAD": "06",
            "ALAND": 944520565,
            "AWATER": 4466121
          }
        },
        {
          "arcs": [
            [
              -93,
              -102,
              107,
              108,
              109,
              110
            ]
          ],
          "type": "Polygon",
          "properties": {
            "STATEFP": "18",
            "COUNTYFP": "095",
            "COUNTYNS": "00450370",
            "AFFGEOID": "0500000US18095",
            "GEOID": "18095",
            "NAME": "Madison",
            "LSAD": "06",
            "ALAND": 1170457650,
            "AWATER": 2559342
          }
        },
        {
          "arcs": [
            [
              111,
              112,
              113,
              114,
              115,
              116
            ]
          ],
          "type": "Polygon",
          "properties": {
            "STATEFP": "18",
            "COUNTYFP": "085",
            "COUNTYNS": "00450367",
            "AFFGEOID": "0500000US18085",
            "GEOID": "18085",
            "NAME": "Kosciusko",
            "LSAD": "06",
            "ALAND": 1376372907,
            "AWATER": 59498372
          }
        },
        {
          "arcs": [
            [
              117,
              118,
              -48,
              119,
              120,
              -105,
              121
            ]
          ],
          "type": "Polygon",
          "properties": {
            "STATEFP": "18",
            "COUNTYFP": "157",
            "COUNTYNS": "00450393",
            "AFFGEOID": "0500000US18157",
            "GEOID": "18157",
            "NAME": "Tippecanoe",
            "LSAD": "06",
            "ALAND": 1294484149,
            "AWATER": 8910176
          }
        },
        {
          "arcs": [
            [
              122,
              -56,
              123,
              124,
              -122,
              -104,
              125
            ]
          ],
          "type": "Polygon",
          "properties": {
            "STATEFP": "18",
            "COUNTYFP": "007",
            "COUNTYNS": "00450403",
            "AFFGEOID": "0500000US18007",
            "GEOID": "18007",
            "NAME": "Benton",
            "LSAD": "06",
            "ALAND": 1052616452,
            "AWATER": 236033
          }
        },
        {
          "arcs": [
            [
              126,
              127,
              -10,
              128,
              -2
            ]
          ],
          "type": "Polygon",
          "properties": {
            "STATEFP": "18",
            "COUNTYFP": "041",
            "COUNTYNS": "00450349",
            "AFFGEOID": "0500000US18041",
            "GEOID": "18041",
            "NAME": "Fayette",
            "LSAD": "06",
            "ALAND": 556901540,
            "AWATER": 366408
          }
        },
        {
          "arcs": [
            [
              -94,
              -111,
              129,
              -19,
              -26,
              -52
            ]
          ],
          "type": "Polygon",
          "properties": {
            "STATEFP": "18",
            "COUNTYFP": "057",
            "COUNTYNS": "00450356",
            "AFFGEOID": "0500000US18057",
            "GEOID": "18057",
            "NAME": "Hamilton",
            "LSAD": "06",
            "ALAND": 1021268168,
            "AWATER": 21038494
          }
        },
        {
          "arcs": [
            [
              130,
              131,
              132,
              133,
              134,
              135,
              136
            ]
          ],
          "type": "Polygon",
          "properties": {
            "STATEFP": "18",
            "COUNTYFP": "083",
            "COUNTYNS": "00450366",
            "AFFGEOID": "0500000US18083",
            "GEOID": "18083",
            "NAME": "Knox",
            "LSAD": "06",
            "ALAND": 1336514522,
            "AWATER": 20754774
          }
        },
        {
          "arcs": [
            [
              137,
              -136,
              138,
              139,
              140,
              141,
              142
            ]
          ],
          "type": "Polygon",
          "properties": {
            "STATEFP": "18",
            "COUNTYFP": "051",
            "COUNTYNS": "00450354",
            "AFFGEOID": "0500000US18051",
            "GEOID": "18051",
            "NAME": "Gibson",
            "LSAD": "06",
            "ALAND": 1262606257,
            "AWATER": 30223916
          }
        },
        {
          "arcs": [
            [
              -129,
              -9,
              143,
              144,
              -12,
              145,
              -3
            ]
          ],
          "type": "Polygon",
          "properties": {
            "STATEFP": "18",
            "COUNTYFP": "047",
            "COUNTYNS": "00450352",
            "AFFGEOID": "0500000US18047",
            "GEOID": "18047",
            "NAME": "Franklin",
            "LSAD": "06",
            "ALAND": 995670497,
            "AWATER": 17143494
          }
        },
        {
          "arcs": [
            [
              -27,
              -24,
              146,
              147,
              148
            ]
          ],
          "type": "Polygon",
          "properties": {
            "STATEFP": "18",
            "COUNTYFP": "063",
            "COUNTYNS": "00450358",
            "AFFGEOID": "0500000US18063",
            "GEOID": "18063",
            "NAME": "Hendricks",
            "LSAD": "06",
            "ALAND": 1053849184,
            "AWATER": 4880845
          }
        },
        {
          "arcs": [
            [
              149,
              -42,
              -87,
              -32,
              150,
              151
            ]
          ],
          "type": "Polygon",
          "properties": {
            "STATEFP": "18",
            "COUNTYFP": "167",
            "COUNTYNS": "00450398",
            "AFFGEOID": "0500000US18167",
            "GEOID": "18167",
            "NAME": "Vigo",
            "LSAD": "06",
            "ALAND": 1044993096,
            "AWATER": 18068475
          }
        },
        {
          "arcs": [
            [
              152,
              -67,
              153,
              154,
              155,
              156
            ]
          ],
          "type": "Polygon",
          "properties": {
            "STATEFP": "18",
            "COUNTYFP": "075",
            "COUNTYNS": "00450362",
            "AFFGEOID": "0500000US18075",
            "GEOID": "18075",
            "NAME": "Jay",
            "LSAD": "06",
            "ALAND": 994310101,
            "AWATER": 458556
          }
        },
        {
          "arcs": [
            [
              157,
              -17,
              158,
              159,
              160,
              161
            ]
          ],
          "type": "Polygon",
          "properties": {
            "STATEFP": "18",
            "COUNTYFP": "079",
            "COUNTYNS": "00450364",
            "AFFGEOID": "0500000US18079",
            "GEOID": "18079",
            "NAME": "Jennings",
            "LSAD": "06",
            "ALAND": 975364217,
            "AWATER": 4546213
          }
        },
        {
          "arcs": [
            [
              162,
              -160,
              163,
              164,
              165
            ]
          ],
          "type": "Polygon",
          "properties": {
            "STATEFP": "18",
            "COUNTYFP": "143",
            "COUNTYNS": "00450386",
            "AFFGEOID": "0500000US18143",
            "GEOID": "18143",
            "NAME": "Scott",
            "LSAD": "06",
            "ALAND": 493126044,
            "AWATER": 6089001
          }
        },
        {
          "arcs": [
            [
              166,
              -112,
              167,
              168,
              169
            ]
          ],
          "type": "Polygon",
          "properties": {
            "STATEFP": "18",
            "COUNTYFP": "099",
            "COUNTYNS": "00450372",
            "AFFGEOID": "0500000US18099",
            "GEOID": "18099",
            "NAME": "Marshall",
            "LSAD": "06",
            "ALAND": 1148993902,
            "AWATER": 15834723
          }
        },
        {
          "arcs": [
            [
              170,
              -98,
              171,
              172,
              -114,
              173
            ]
          ],
          "type": "Polygon",
          "properties": {
            "STATEFP": "18",
            "COUNTYFP": "113",
            "COUNTYNS": "00450377",
            "AFFGEOID": "0500000US18113",
            "GEOID": "18113",
            "NAME": "Noble",
            "LSAD": "06",
            "ALAND": 1064079612,
            "AWATER": 17066449
          }
        },
        {
          "arcs": [
            [
              -140,
              174,
              175,
              176,
              177,
              178
            ]
          ],
          "type": "Polygon",
          "properties": {
            "STATEFP": "18",
            "COUNTYFP": "173",
            "COUNTYNS": "00450335",
            "AFFGEOID": "0500000US18173",
            "GEOID": "18173",
            "NAME": "Warrick",
            "LSAD": "06",
            "ALAND": 996945714,
            "AWATER": 15874469
          }
        },
        {
          "arcs": [
            [
              -130,
              -110,
              179,
              -6,
              180,
              -20
            ]
          ],
          "type": "Polygon",
          "properties": {
            "STATEFP": "18",
            "COUNTYFP": "059",
            "COUNTYNS": "00450357",
            "AFFGEOID": "0500000US18059",
            "GEOID": "18059",
            "NAME": "Hancock",
            "LSAD": "06",
            "ALAND": 792580867,
            "AWATER": 2610512
          }
        },
        {
          "arcs": [
            [
              181,
              182,
              -174,
              -113,
              -167,
              183
            ]
          ],
          "type": "Polygon",
          "properties": {
            "STATEFP": "18",
            "COUNTYFP": "039",
            "COUNTYNS": "00450348",
            "AFFGEOID": "0500000US18039",
            "GEOID": "18039",
            "NAME": "Elkhart",
            "LSAD": "06",
            "ALAND": 1199614703,
            "AWATER": 12423390
          }
        },
        {
          "arcs": [
            [
              -109,
              184,
              185,
              186,
              -127,
              -1,
              -180
            ]
          ],
          "type": "Polygon",
          "properties": {
            "STATEFP": "18",
            "COUNTYFP": "065",
            "COUNTYNS": "00450359",
            "AFFGEOID": "0500000US18065",
            "GEOID": "18065",
            "NAME": "Henry",
            "LSAD": "06",
            "ALAND": 1014954777,
            "AWATER": 7655158
          }
        },
        {
          "arcs": [
            [
              -81,
              187,
              188,
              -70,
              189,
              190
            ]
          ],
          "type": "Polygon",
          "properties": {
            "STATEFP": "18",
            "COUNTYFP": "017",
            "COUNTYNS": "00450339",
            "AFFGEOID": "0500000US18017",
            "GEOID": "18017",
            "NAME": "Cass",
            "LSAD": "06",
            "ALAND": 1067475955,
            "AWATER": 6974424
          }
        },
        {
          "arcs": [
            [
              -141,
              -179,
              191,
              192
            ]
          ],
          "type": "Polygon",
          "properties": {
            "STATEFP": "18",
            "COUNTYFP": "163",
            "COUNTYNS": "00450396",
            "AFFGEOID": "0500000US18163",
            "GEOID": "18163",
            "NAME": "Vanderburgh",
            "LSAD": "06",
            "ALAND": 604741974,
            "AWATER": 7352001
          }
        },
        {
          "arcs": [
            [
              -86,
              193,
              -148,
              194,
              195,
              -34
            ]
          ],
          "type": "Polygon",
          "properties": {
            "STATEFP": "18",
            "COUNTYFP": "133",
            "COUNTYNS": "00450384",
            "AFFGEOID": "0500000US18133",
            "GEOID": "18133",
            "NAME": "Putnam",
            "LSAD": "06",
            "ALAND": 1244586416,
            "AWATER": 5585380
          }
        },
        {
          "arcs": [
            [
              -168,
              -117,
              196,
              197,
              -188,
              -80
            ]
          ],
          "type": "Polygon",
          "properties": {
            "STATEFP": "18",
            "COUNTYFP": "049",
            "COUNTYNS": "00450353",
            "AFFGEOID": "0500000US18049",
            "GEOID": "18049",
            "NAME": "Fulton",
            "LSAD": "06",
            "ALAND": 954118209,
            "AWATER": 7454415
          }
        },
        {
          "arcs": [
            [
              198,
              199,
              200,
              -54,
              201
            ]
          ],
          "type": "Polygon",
          "properties": {
            "STATEFP": "18",
            "COUNTYFP": "089",
            "COUNTYNS": "00450495",
            "AFFGEOID": "0500000US18089",
            "GEOID": "18089",
            "NAME": "Lake",
            "LSAD": "06",
            "ALAND": 1292514974,
            "AWATER": 330463488
          }
        },
        {
          "arcs": [
            [
              -22,
              202,
              203,
              204,
              205
            ]
          ],
          "type": "Polygon",
          "properties": {
            "STATEFP": "18",
            "COUNTYFP": "081",
            "COUNTYNS": "00450365",
            "AFFGEOID": "0500000US18081",
            "GEOID": "18081",
            "NAME": "Johnson",
            "LSAD": "06",
            "ALAND": 829909418,
            "AWATER": 3525572
          }
        },
        {
          "arcs": [
            [
              206,
              207,
              -7,
              -128,
              -187
            ]
          ],
          "type": "Polygon",
          "properties": {
            "STATEFP": "18",
            "COUNTYFP": "177",
            "COUNTYNS": "00450336",
            "AFFGEOID": "0500000US18177",
            "GEOID": "18177",
            "NAME": "Wayne",
            "LSAD": "06",
            "ALAND": 1040508997,
            "AWATER": 6732251
          }
        },
        {
          "arcs": [
            [
              -36,
              208,
              209,
              -58,
              -75,
              210,
              -133,
              211
            ]
          ],
          "type": "Polygon",
          "properties": {
            "STATEFP": "18",
            "COUNTYFP": "055",
            "COUNTYNS": "00451676",
            "AFFGEOID": "0500000US18055",
            "GEOID": "18055",
            "NAME": "Greene",
            "LSAD": "06",
            "ALAND": 1405058705,
            "AWATER": 8861022
          }
        },
        {
          "arcs": [
            [
              -211,
              -78,
              212,
              213,
              -134
            ]
          ],
          "type": "Polygon",
          "properties": {
            "STATEFP": "18",
            "COUNTYFP": "027",
            "COUNTYNS": "00450343",
            "AFFGEOID": "0500000US18027",
            "GEOID": "18027",
            "NAME": "Daviess",
            "LSAD": "06",
            "ALAND": 1112370962,
            "AWATER": 19127827
          }
        },
        {
          "arcs": [
            [
              -106,
              -121,
              214,
              -84,
              -40
            ]
          ],
          "type": "Polygon",
          "properties": {
            "STATEFP": "18",
            "COUNTYFP": "045",
            "COUNTYNS": "00450351",
            "AFFGEOID": "0500000US18045",
            "GEOID": "18045",
            "NAME": "Fountain",
            "LSAD": "06",
            "ALAND": 1024769250,
            "AWATER": 5734092
          }
        },
        {
          "arcs": [
            [
              215,
              -205,
              216,
              217,
              218
            ]
          ],
          "type": "Polygon",
          "properties": {
            "STATEFP": "18",
            "COUNTYFP": "013",
            "COUNTYNS": "00451684",
            "AFFGEOID": "0500000US18013",
            "GEOID": "18013",
            "NAME": "Brown",
            "LSAD": "06",
            "ALAND": 808029632,
            "AWATER": 12040223
          }
        },
        {
          "arcs": [
            [
              -46,
              219,
              -169,
              -79,
              220
            ]
          ],
          "type": "Polygon",
          "properties": {
            "STATEFP": "18",
            "COUNTYFP": "149",
            "COUNTYNS": "00450389",
            "AFFGEOID": "0500000US18149",
            "GEOID": "18149",
            "NAME": "Starke",
            "LSAD": "06",
            "ALAND": 800657647,
            "AWATER": 7951314
          }
        },
        {
          "arcs": [
            [
              221,
              222,
              -171,
              -183
            ]
          ],
          "type": "Polygon",
          "properties": {
            "STATEFP": "18",
            "COUNTYFP": "087",
            "COUNTYNS": "00450368",
            "AFFGEOID": "0500000US18087",
            "GEOID": "18087",
            "NAME": "LaGrange",
            "LSAD": "06",
            "ALAND": 983237252,
            "AWATER": 18317909
          }
        },
        {
          "arcs": [
            [
              -172,
              -97,
              223,
              224,
              -65,
              -89,
              225
            ]
          ],
          "type": "Polygon",
          "properties": {
            "STATEFP": "18",
            "COUNTYFP": "003",
            "COUNTYNS": "00450402",
            "AFFGEOID": "0500000US18003",
            "GEOID": "18003",
            "NAME": "Allen",
            "LSAD": "06",
            "ALAND": 1702454352,
            "AWATER": 6999604
          }
        },
        {
          "arcs": [
            [
              -15,
              -31,
              226,
              227
            ]
          ],
          "type": "Polygon",
          "properties": {
            "STATEFP": "18",
            "COUNTYFP": "155",
            "COUNTYNS": "00450392",
            "AFFGEOID": "0500000US18155",
            "GEOID": "18155",
            "NAME": "Switzerland",
            "LSAD": "06",
            "ALAND": 571436384,
            "AWATER": 7267095
          }
        },
        {
          "arcs": [
            [
              228,
              -103,
              -71,
              -189,
              -198
            ]
          ],
          "type": "Polygon",
          "properties": {
            "STATEFP": "18",
            "COUNTYFP": "103",
            "COUNTYNS": "00450373",
            "AFFGEOID": "0500000US18103",
            "GEOID": "18103",
            "NAME": "Miami",
            "LSAD": "06",
            "ALAND": 968246955,
            "AWATER": 9184625
          }
        },
        {
          "arcs": [
            [
              -196,
              229,
              230,
              -209,
              -35
            ]
          ],
          "type": "Polygon",
          "properties": {
            "STATEFP": "18",
            "COUNTYFP": "119",
            "COUNTYNS": "00450379",
            "AFFGEOID": "0500000US18119",
            "GEOID": "18119",
            "NAME": "Owen",
            "LSAD": "06",
            "ALAND": 997921791,
            "AWATER": 6541718
          }
        },
        {
          "arcs": [
            [
              -225,
              231,
              -154,
              -66
            ]
          ],
          "type": "Polygon",
          "properties": {
            "STATEFP": "18",
            "COUNTYFP": "001",
            "COUNTYNS": "00450401",
            "AFFGEOID": "0500000US18001",
            "GEOID": "18001",
            "NAME": "Adams",
            "LSAD": "06",
            "ALAND": 878078799,
            "AWATER": 2430642
          }
        },
        {
          "arcs": [
            [
              232,
              -4,
              -146,
              -11,
              -158,
              233
            ]
          ],
          "type": "Polygon",
          "properties": {
            "STATEFP": "18",
            "COUNTYFP": "031",
            "COUNTYNS": "00450345",
            "AFFGEOID": "0500000US18031",
            "GEOID": "18031",
            "NAME": "Decatur",
            "LSAD": "06",
            "ALAND": 964946213,
            "AWATER": 1955471
          }
        },
        {
          "arcs": [
            [
              -201,
              234,
              -221,
              -83,
              235,
              -124,
              -55
            ]
          ],
          "type": "Polygon",
          "properties": {
            "STATEFP": "18",
            "COUNTYFP": "073",
            "COUNTYNS": "00450494",
            "AFFGEOID": "0500000US18073",
            "GEOID": "18073",
            "NAME": "Jasper",
            "LSAD": "06",
            "ALAND": 1449431946,
            "AWATER": 4560470
          }
        },
        {
          "arcs": [
            [
              236,
              237,
              238,
              239,
              240,
              241
            ]
          ],
          "type": "Polygon",
          "properties": {
            "STATEFP": "18",
            "COUNTYFP": "025",
            "COUNTYNS": "00451674",
            "AFFGEOID": "0500000US18025",
            "GEOID": "18025",
            "NAME": "Crawford",
            "LSAD": "06",
            "ALAND": 791601707,
            "AWATER": 7974816
          }
        },
        {
          "arcs": [
            [
              242,
              -47,
              -235,
              -200
            ]
          ],
          "type": "Polygon",
          "properties": {
            "STATEFP": "18",
            "COUNTYFP": "127",
            "COUNTYNS": "00450382",
            "AFFGEOID": "0500000US18127",
            "GEOID": "18127",
            "NAME": "Porter",
            "LSAD": "06",
            "ALAND": 1082777927,
            "AWATER": 268632959
          }
        },
        {
          "arcs": [
            [
              -239,
              243,
              244,
              245
            ]
          ],
          "type": "Polygon",
          "properties": {
            "STATEFP": "18",
            "COUNTYFP": "061",
            "COUNTYNS": "00451677",
            "AFFGEOID": "0500000US18061",
            "GEOID": "18061",
            "NAME": "Harrison",
            "LSAD": "06",
            "ALAND": 1254889453,
            "AWATER": 5193189
          }
        },
        {
          "arcs": [
            [
              -204,
              246,
              -234,
              -162,
              247,
              -217
            ]
          ],
          "type": "Polygon",
          "properties": {
            "STATEFP": "18",
            "COUNTYFP": "005",
            "COUNTYNS": "00451683",
            "AFFGEOID": "0500000US18005",
            "GEOID": "18005",
            "NAME": "Bartholomew",
            "LSAD": "06",
            "ALAND": 1053850604,
            "AWATER": 6814131
          }
        },
        {
          "arcs": [
            [
              -62,
              248,
              -237,
              249,
              -76
            ]
          ],
          "type": "Polygon",
          "properties": {
            "STATEFP": "18",
            "COUNTYFP": "117",
            "COUNTYNS": "00451681",
            "AFFGEOID": "0500000US18117",
            "GEOID": "18117",
            "NAME": "Orange",
            "LSAD": "06",
            "ALAND": 1031818419,
            "AWATER": 25393791
          }
        },
        {
          "arcs": [
            [
              -218,
              -248,
              -161,
              -163,
              250,
              -60,
              251
            ]
          ],
          "type": "Polygon",
          "properties": {
            "STATEFP": "18",
            "COUNTYFP": "071",
            "COUNTYNS": "00451678",
            "AFFGEOID": "0500000US18071",
            "GEOID": "18071",
            "NAME": "Jackson",
            "LSAD": "06",
            "ALAND": 1319119292,
            "AWATER": 11910481
          }
        },
        {
          "arcs": [
            [
              -165,
              252,
              253,
              254,
              255
            ]
          ],
          "type": "Polygon",
          "properties": {
            "STATEFP": "18",
            "COUNTYFP": "019",
            "COUNTYNS": "00450340",
            "AFFGEOID": "0500000US18019",
            "GEOID": "18019",
            "NAME": "Clark",
            "LSAD": "06",
            "ALAND": 965626431,
            "AWATER": 9244302
          }
        },
        {
          "arcs": [
            [
              -116,
              256,
              -91,
              -99,
              -229,
              -197
            ]
          ],
          "type": "Polygon",
          "properties": {
            "STATEFP": "18",
            "COUNTYFP": "169",
            "COUNTYNS": "00450399",
            "AFFGEOID": "0500000US18169",
            "GEOID": "18169",
            "NAME": "Wabash",
            "LSAD": "06",
            "ALAND": 1068206218,
            "AWATER": 22115988
          }
        },
        {
          "arcs": [
            [
              257,
              -219,
              -252,
              -59,
              -210,
              -231
            ]
          ],
          "type": "Polygon",
          "properties": {
            "STATEFP": "18",
            "COUNTYFP": "105",
            "COUNTYNS": "00451680",
            "AFFGEOID": "0500000US18105",
            "GEOID": "18105",
            "NAME": "Monroe",
            "LSAD": "06",
            "ALAND": 1021811758,
            "AWATER": 43504254
          }
        },
        {
          "arcs": [
            [
              -82,
              -191,
              258,
              -118,
              -125,
              -236
            ]
          ],
          "type": "Polygon",
          "properties": {
            "STATEFP": "18",
            "COUNTYFP": "181",
            "COUNTYNS": "00450338",
            "AFFGEOID": "0500000US18181",
            "GEOID": "18181",
            "NAME": "White",
            "LSAD": "06",
            "ALAND": 1308269852,
            "AWATER": 9203227
          }
        },
        {
          "arcs": [
            [
              -190,
              -74,
              -49,
              -119,
              -259
            ]
          ],
          "type": "Polygon",
          "properties": {
            "STATEFP": "18",
            "COUNTYFP": "015",
            "COUNTYNS": "00450406",
            "AFFGEOID": "0500000US18015",
            "GEOID": "18015",
            "NAME": "Carroll",
            "LSAD": "06",
            "ALAND": 964066247,
            "AWATER": 7227489
          }
        },
        {
          "arcs": [
            [
              -147,
              -23,
              -206,
              -216,
              -258,
              -230,
              -195
            ]
          ],
          "type": "Polygon",
          "properties": {
            "STATEFP": "18",
            "COUNTYFP": "109",
            "COUNTYNS": "00450375",
            "AFFGEOID": "0500000US18109",
            "GEOID": "18109",
            "NAME": "Morgan",
            "LSAD": "06",
            "ALAND": 1046324518,
            "AWATER": 14089948
          }
        },
        {
          "arcs": [
            [
              -151,
              -37,
              -212,
              -132,
              259
            ]
          ],
          "type": "Polygon",
          "properties": {
            "STATEFP": "18",
            "COUNTYFP": "153",
            "COUNTYNS": "00450391",
            "AFFGEOID": "0500000US18153",
            "GEOID": "18153",
            "NAME": "Sullivan",
            "LSAD": "06",
            "ALAND": 1157992150,
            "AWATER": 18162494
          }
        },
        {
          "arcs": [
            [
              -156,
              260,
              -207,
              -186,
              261
            ]
          ],
          "type": "Polygon",
          "properties": {
            "STATEFP": "18",
            "COUNTYFP": "135",
            "COUNTYNS": "00446853",
            "AFFGEOID": "0500000US18135",
            "GEOID": "18135",
            "NAME": "Randolph",
            "LSAD": "06",
            "ALAND": 1171656634,
            "AWATER": 2420286
          }
        },
        {
          "arcs": [
            [
              262,
              263,
              264,
              -177
            ]
          ],
          "type": "Polygon",
          "properties": {
            "STATEFP": "18",
            "COUNTYFP": "147",
            "COUNTYNS": "00450388",
            "AFFGEOID": "0500000US18147",
            "GEOID": "18147",
            "NAME": "Spencer",
            "LSAD": "06",
            "ALAND": 1027689677,
            "AWATER": 12000002
          }
        },
        {
          "arcs": [
            [
              -68,
              -153,
              265,
              -100
            ]
          ],
          "type": "Polygon",
          "properties": {
            "STATEFP": "18",
            "COUNTYFP": "009",
            "COUNTYNS": "00450404",
            "AFFGEOID": "0500000US18009",
            "GEOID": "18009",
            "NAME": "Blackford",
            "LSAD": "06",
            "ALAND": 427554635,
            "AWATER": 1303566
          }
        },
        {
          "arcs": [
            [
              -213,
              -77,
              -250,
              -242,
              266,
              -263,
              -176,
              267
            ]
          ],
          "type": "Polygon",
          "properties": {
            "STATEFP": "18",
            "COUNTYFP": "037",
            "COUNTYNS": "00451675",
            "AFFGEOID": "0500000US18037",
            "GEOID": "18037",
            "NAME": "Dubois",
            "LSAD": "06",
            "ALAND": 1106624776,
            "AWATER": 20884562
          }
        },
        {
          "arcs": [
            [
              268,
              -142,
              -193,
              269
            ]
          ],
          "type": "Polygon",
          "properties": {
            "STATEFP": "18",
            "COUNTYFP": "129",
            "COUNTYNS": "00450383",
            "AFFGEOID": "0500000US18129",
            "GEOID": "18129",
            "NAME": "Posey",
            "LSAD": "06",
            "ALAND": 1060787800,
            "AWATER": 25259380
          }
        },
        {
          "arcs": [
            [
              270,
              -95,
              -223
            ]
          ],
          "type": "Polygon",
          "properties": {
            "STATEFP": "18",
            "COUNTYFP": "151",
            "COUNTYNS": "00450390",
            "AFFGEOID": "0500000US18151",
            "GEOID": "18151",
            "NAME": "Steuben",
            "LSAD": "06",
            "ALAND": 799725144,
            "AWATER": 35458838
          }
        },
        {
          "arcs": [
            [
              -21,
              -181,
              -5,
              -233,
              -247,
              -203
            ]
          ],
          "type": "Polygon",
          "properties": {
            "STATEFP": "18",
            "COUNTYFP": "145",
            "COUNTYNS": "00450387",
            "AFFGEOID": "0500000US18145",
            "GEOID": "18145",
            "NAME": "Shelby",
            "LSAD": "06",
            "ALAND": 1064866371,
            "AWATER": 4167805
          }
        },
        {
          "arcs": [
            [
              -159,
              -16,
              -228,
              271,
              -253,
              -164
            ]
          ],
          "type": "Polygon",
          "properties": {
            "STATEFP": "18",
            "COUNTYFP": "077",
            "COUNTYNS": "00450363",
            "AFFGEOID": "0500000US18077",
            "GEOID": "18077",
            "NAME": "Jefferson",
            "LSAD": "06",
            "ALAND": 934033344,
            "AWATER": 5844616
          }
        },
        {
          "arcs": [
            [
              272,
              -255,
              273,
              -245
            ]
          ],
          "type": "Polygon",
          "properties": {
            "STATEFP": "18",
            "COUNTYFP": "043",
            "COUNTYNS": "00450350",
            "AFFGEOID": "0500000US18043",
            "GEOID": "18043",
            "NAME": "Floyd",
            "LSAD": "06",
            "ALAND": 383288306,
            "AWATER": 2645487
          }
        },
        {
          "arcs": [
            [
              -13,
              -145,
              274,
              -29
            ]
          ],
          "type": "Polygon",
          "properties": {
            "STATEFP": "18",
            "COUNTYFP": "029",
            "COUNTYNS": "00450344",
            "AFFGEOID": "0500000US18029",
            "GEOID": "18029",
            "NAME": "Dearborn",
            "LSAD": "06",
            "ALAND": 790033700,
            "AWATER": 6168665
          }
        },
        {
          "arcs": [
            [
              -251,
              -166,
              -256,
              -273,
              -244,
              -238,
              -249,
              -61
            ]
          ],
          "type": "Polygon",
          "properties": {
            "STATEFP": "18",
            "COUNTYFP": "175",
            "COUNTYNS": "00451665",
            "AFFGEOID": "0500000US18175",
            "GEOID": "18175",
            "NAME": "Washington",
            "LSAD": "06",
            "ALAND": 1330542687,
            "AWATER": 7441757
          }
        },
        {
          "arcs": [
            [
              -120,
              -53,
              -28,
              -149,
              -194,
              -85,
              -215
            ]
          ],
          "type": "Polygon",
          "properties": {
            "STATEFP": "18",
            "COUNTYFP": "107",
            "COUNTYNS": "00450374",
            "AFFGEOID": "0500000US18107",
            "GEOID": "18107",
            "NAME": "Montgomery",
            "LSAD": "06",
            "ALAND": 1306954206,
            "AWATER": 2144021
          }
        },
        {
          "arcs": [
            [
              -264,
              -267,
              -241,
              275
            ]
          ],
          "type": "Polygon",
          "properties": {
            "STATEFP": "18",
            "COUNTYFP": "123",
            "COUNTYNS": "00451682",
            "AFFGEOID": "0500000US18123",
            "GEOID": "18123",
            "NAME": "Perry",
            "LSAD": "06",
            "ALAND": 988668629,
            "AWATER": 11817655
          }
        },
        {
          "arcs": [
            [
              -135,
              -214,
              -268,
              -175,
              -139
            ]
          ],
          "type": "Polygon",
          "properties": {
            "STATEFP": "18",
            "COUNTYFP": "125",
            "COUNTYNS": "00450381",
            "AFFGEOID": "0500000US18125",
            "GEOID": "18125",
            "NAME": "Pike",
            "LSAD": "06",
            "ALAND": 865677126,
            "AWATER": 17752830
          }
        },
        {
          "arcs": [
            [
              -101,
              -266,
              -157,
              -262,
              -185,
              -108
            ]
          ],
          "type": "Polygon",
          "properties": {
            "STATEFP": "18",
            "COUNTYFP": "035",
            "COUNTYNS": "00450347",
            "AFFGEOID": "0500000US18035",
            "GEOID": "18035",
            "NAME": "Delaware",
            "LSAD": "06",
            "ALAND": 1015607268,
            "AWATER": 9792758
          }
        },
        {
          "arcs": [
            [
              276,
              -184,
              -170,
              -220,
              -45
            ]
          ],
          "type": "Polygon",
          "properties": {
            "STATEFP": "18",
            "COUNTYFP": "141",
            "COUNTYNS": "00452855",
            "AFFGEOID": "0500000US18141",
            "GEOID": "18141",
            "NAME": "St. Joseph",
            "LSAD": "06",
            "ALAND": 1185912671,
            "AWATER": 9070408
          }
        },
        {
          "arcs": [
            [
              -173,
              -226,
              -88,
              -257,
              -115
            ]
          ],
          "type": "Polygon",
          "properties": {
            "STATEFP": "18",
            "COUNTYFP": "183",
            "COUNTYNS": "00450369",
            "AFFGEOID": "0500000US18183",
            "GEOID": "18183",
            "NAME": "Whitley",
            "LSAD": "06",
            "ALAND": 869120480,
            "AWATER": 6073937
          }
        }
      ]
    }
  }
}